mes,psi,ks,auc,nivel_alerta,resumo_executivo,causa_provavel,recomendacao,cor_alerta
1,0.0066,0.421,0.7841,normal,"O modelo de score apresenta desempenho saudável no mês 1. O PSI de 0.007 indica que a distribuição da população analisada permanece praticamente idêntica à base de desenvolvimento — nenhuma mudança relevante de perfil foi detectada. O poder discriminante do modelo segue em nível adequado, com KS de 0.421 e AUC de 0.784, sem sinais de deterioração. Não há histórico dos meses anteriores disponível para análise de tendência, portanto este mês servirá como ponto de referência inicial para os próximos ciclos de monitoramento.","População analisada é estável e compatível com a base de desenvolvimento do modelo. A ausência de histórico prévio impede análise de tendência, mas os indicadores atuais não apontam nenhuma causa de preocupação.","Manter o ciclo regular de monitoramento mensal. À medida que o histórico for sendo construído, será possível identificar tendências de deriva (PSI) ou degradação do poder preditivo (KS/AUC). Nenhuma ação corretiva é necessária neste momento.",Verde
2,0.0096,0.3694,0.7211,atencao,"O modelo apresenta população estável (PSI = 0,010, dentro do limite seguro), mas registrou queda relevante no poder de separação entre bons e maus pagadores: o KS recuou de 0,421 para 0,369 e o AUC caiu de 0,784 para 0,721 em relação ao mês anterior. Embora os valores ainda estejam em patamar aceitável, a trajetória de queda em ambas as métricas de discriminação merece acompanhamento próximo para evitar deterioração adicional.","A estabilidade do PSI descarta mudança significativa no perfil da população entrante. A queda simultânea de KS e AUC sugere perda de poder preditivo do modelo, possivelmente causada por mudanças no comportamento de pagamento dos clientes (ex.: sazonalidade, alterações macroeconômicas ou mudanças na política de crédito) que não estão sendo capturadas adequadamente pelas variáveis atuais do modelo.","1. Investigar as faixas de score onde a discriminação piorou (análise de KS por decil) para identificar se a queda está concentrada em algum segmento específico. 2. Avaliar se houve mudança recente na política de crédito ou no mix de produtos que possa explicar a alteração no comportamento de inadimplência. 3. Monitorar com prioridade no próximo mês: se KS cair abaixo de 0,30 ou AUC abaixo de 0,70, escalar para nível crítico e iniciar processo formal de recalibragem ou redesenvolvimento do modelo.",Amarelo
3,0.0149,0.2611,0.6575,critico,"O modelo apresenta degradação severa no poder de discriminação entre bons e maus pagadores no mês 3, com quedas expressivas nas métricas de desempenho. O KS caiu de 0.421 (mês 1) para 0.261 (mês 3) — uma redução de aproximadamente 38% — e o AUC despencou de 0.784 para 0.657, perda de cerca de 16 pontos percentuais em apenas dois meses. O PSI permanece baixo (0.015), indicando que o perfil da população analisada não mudou significativamente. Isso significa que o problema está no modelo em si, não nos clientes que estão sendo avaliados. Em termos práticos, o modelo está perdendo a capacidade de separar quem vai pagar de quem vai inadimplir, o que aumenta o risco de concessões inadequadas de crédito.","A estabilidade do PSI (0.015, bem abaixo do limiar de 0.10) descarta mudança relevante na distribuição da população como causa da degradação. A queda consistente e acelerada do KS e do AUC ao longo dos três meses aponta para deterioração do próprio modelo: as variáveis preditivas utilizadas no score podem ter perdido aderência ao comportamento de risco atual dos clientes — possivelmente em função de mudanças macroeconômicas, alterações no comportamento de pagamento ou desatualização das relações estatísticas capturadas no treinamento original do modelo.",,Vermelho
4,0.0095,0.3434,0.6953,critico,"O modelo de score apresenta deterioração severa e consistente ao longo dos últimos 4 meses. O poder de separação entre bons e maus pagadores caiu de forma acentuada: o KS recuou de 0.421 (mês 1) para 0.343 (mês 4), uma queda de 18,5%, e o AUC despencou de 0.784 para 0.695, perda de cerca de 11 pontos percentuais. Essa tendência de queda ininterrupta indica que o modelo está progressivamente menos capaz de identificar clientes de risco. O PSI, por sua vez, permanece baixo (0.009 no mês 4), o que sinaliza que a distribuição dos scores não mudou significativamente — ou seja, o problema não é de mudança de perfil da carteira, mas sim de perda real de acurácia do modelo. A situação exige ação imediata.","A estabilidade do PSI combinada com a queda expressiva e contínua de KS e AUC aponta para degradação do próprio modelo, e não para uma mudança na população atendida. As causas mais prováveis são: (1) mudança no comportamento de inadimplência dos clientes que o modelo não consegue mais capturar adequadamente, possivelmente por alterações macroeconômicas ou de perfil de crédito ocorridas após a data de desenvolvimento do modelo; (2) desatualização das variáveis preditoras utilizadas no score, que podem ter perdido poder explicativo ao longo do tempo; (3) o modelo pode ter sido desenvolvido em um período atípico e não generaliza bem para o comportamento atual da carteira.",,Vermelho
5,0.0098,0.3702,0.7315,normal,"O modelo de score apresenta desempenho estável no mês 5. O PSI de 0.010 indica que o perfil da população analisada permanece praticamente igual ao período de desenvolvimento — sem sinais de deriva populacional. O poder discriminante do modelo está sólido e em recuperação: o KS subiu de 0.343 para 0.370 e o AUC passou de 0.695 para 0.732, ambos os melhores valores dos últimos quatro meses. Vale notar que o mês 3 registrou queda relevante no KS (0.261) e AUC (0.657), mas essa deterioração foi revertida nos meses seguintes, sugerindo um evento pontual e não uma tendência estrutural. O modelo está apto para uso em produção sem necessidade de intervenção imediata.","A instabilidade observada no mês 3 (queda de KS e AUC) provavelmente decorreu de um evento temporário — como mudança sazonal no mix de solicitações, alteração pontual na política de concessão ou entrada de uma safra atípica de clientes. A recuperação consistente nos meses 4 e 5, com PSI baixo durante todo o período, reforça que não houve mudança estrutural na população nem degradação do modelo.","1. Manter o monitoramento mensal padrão, com atenção especial ao KS e AUC, que são os indicadores mais sensíveis à qualidade discriminante do modelo. 2. Investigar retroativamente o evento do mês 3: identificar a causa da queda pontual de desempenho ajuda a antecipar e mitigar ocorrências futuras similares. 3. Caso o KS caia abaixo de 0.30 ou o AUC abaixo de 0.680 em meses futuros, escalar imediatamente para avaliação de recalibração ou retraining do modelo.",Verde
6,0.0225,0.4691,0.7885,normal,"O modelo de score apresenta desempenho saudável e em melhora consistente no mês 6. O PSI de 0.022 indica que o perfil da população entrante é praticamente idêntico ao da população de desenvolvimento — sem sinais de deriva relevante. O poder discriminante do modelo, medido pelo KS (0.469) e AUC (0.788), não apenas se manteve estável como registrou evolução positiva nos últimos 4 meses, atingindo seus melhores valores históricos no período analisado. Não há nenhum sinal de deterioração do modelo; ao contrário, as métricas reforçam sua confiabilidade para uso operacional.",A melhora progressiva do KS (de 0.261 no mês 3 para 0.469 no mês 6) e da AUC (de 0.657 para 0.788 no mesmo período) sugere um processo de maturação da carteira ou aprimoramento na qualidade dos dados de entrada ao longo dos meses. O PSI consistentemente baixo (abaixo de 0.025 em todos os meses) indica que a composição da população sendo pontuada permanece estável e aderente à base de desenvolvimento do modelo.,"Manter o ciclo regular de monitoramento mensal. Nenhuma ação corretiva é necessária. Recomenda-se registrar o patamar atual de KS e AUC como nova referência de desempenho esperado para os próximos meses, ajustando os thresholds de alerta caso ainda estejam calibrados com base nos valores mais baixos do mês 3. Continuar acompanhando o PSI para detectar precocemente qualquer mudança no perfil da população.",Verde
7,0.0114,0.3576,0.6741,atencao,"O modelo apresentou queda relevante nas métricas de desempenho no mês 7. O AUC recuou de 0.788 para 0.674 e o KS de 0.469 para 0.358 — ambos os indicadores voltaram a níveis próximos aos dos meses 4 e 5, revertendo a tendência de melhora observada no mês 6. O PSI permanece baixo (0.011), indicando que o perfil da população de entrada não mudou de forma significativa. Ou seja, o modelo está atendendo um público semelhante ao de antes, mas perdeu capacidade de separar bons e maus pagadores. Isso exige investigação imediata.","A combinação de PSI estável com queda simultânea de AUC e KS afasta a hipótese de mudança na população de entrada. A causa mais provável é degradação do poder preditivo do modelo em si — possivelmente por alteração no comportamento de pagamento dos clientes em relação ao que foi observado na janela de desenvolvimento (concept drift), ou por alguma mudança operacional na originação que afetou a qualidade dos dados usados pelo modelo. O salto pontual de desempenho no mês 6 (KS 0.469, AUC 0.788) também merece verificação: pode ter havido um viés de amostragem ou evento atípico naquele mês que inflou as métricas e mascarou uma degradação já em curso.",,Amarelo
8,0.0118,0.3823,0.7442,normal,"O modelo de score apresenta desempenho estável no mês 8. O PSI de 0,012 indica que a população atendida não sofreu mudanças relevantes em relação à base de desenvolvimento. O KS de 0,382 e o AUC de 0,744 mostram boa capacidade de separação entre bons e maus pagadores, com leve recuperação em relação ao mês 7, quando ambas as métricas haviam recuado. Não há evidências de deterioração do modelo neste momento.","O mês 7 apresentou queda isolada de KS (0,358) e AUC (0,674), sugerindo uma oscilação pontual — possivelmente relacionada ao perfil do safra daquele período ou a variações sazonais na carteira. No mês 8, as métricas se recuperaram para níveis próximos à média histórica recente (KS ~0,37–0,47; AUC ~0,73–0,79), indicando que o episódio anterior não representou uma tendência de degradação. O PSI permanece baixo e consistente nos últimos dois meses (0,011–0,012), reforçando estabilidade populacional.","Manter o monitoramento mensal padrão. Investigar retrospectivamente o safra do mês 7 para entender a causa da queda de desempenho naquele período e avaliar se há algum segmento de cliente ou canal de originação que explique a oscilação. Caso o KS ou AUC voltem a recuar nos próximos meses, escalar para nível de atenção e iniciar diagnóstico aprofundado das variáveis do modelo.",Verde
9,0.0275,0.3688,0.7254,atencao,"O modelo apresenta estabilidade populacional satisfatória no mês 9 (PSI = 0,028), dentro do limite seguro. Contudo, as métricas de desempenho discriminante acumulam queda relevante nos últimos meses: o KS recuou de 0,469 (mês 6) para 0,369 (mês 9), e o AUC saiu de 0,788 para 0,725 no mesmo período — uma redução de aproximadamente 8 pontos percentuais. Isso significa que o modelo está perdendo capacidade de separar bons e maus pagadores, o que pode comprometer a qualidade das decisões de crédito. O nível de alerta é de ATENÇÃO: o modelo ainda opera, mas a tendência de degradação exige investigação imediata antes que os indicadores atinjam patamares críticos.","A estabilidade do PSI descarta mudança brusca no perfil da população entrante como causa principal. A queda consistente de KS e AUC ao longo de 4 meses consecutivos sugere degradação do próprio poder preditivo do modelo, possivelmente causada por: (1) mudança no comportamento de pagamento dos clientes em relação ao período de desenvolvimento do modelo; (2) alterações nas variáveis de entrada (ex.: dados de bureau, renda, histórico interno) que modificaram sua relação com o risco real; ou (3) mudança na política de concessão que alterou o mix de risco da carteira aprovada, afetando a amostra de validação.",,Amarelo
10,0.0056,0.3458,0.7266,normal,"O modelo apresenta desempenho estável no mês 10. O PSI de 0.006 indica que a população de clientes está praticamente inalterada em relação à amostra de desenvolvimento — bem abaixo do limiar de atenção. O KS de 0.346 e o AUC de 0.727 mostram que o modelo mantém boa capacidade de separar bons e maus pagadores, em linha com os meses anteriores. O leve recuo do KS (de 0.383 no mês 8 para 0.347 no mês 10) não é preocupante dado o nível absoluto ainda saudável e a estabilidade do AUC. Não há evidência de deterioração do modelo neste momento.","Estabilidade natural do portfólio. O PSI elevado observado no mês 9 (0.028, limiar de atenção) não se confirmou como tendência, revertendo para níveis mínimos no mês 10. A pequena variação em KS e AUC está dentro do ruído estatístico esperado em monitoramentos mensais.","Manter o ciclo de monitoramento mensal padrão. Não são necessárias ações corretivas no modelo. Recomenda-se observar se a queda gradual do KS (0.383 → 0.369 → 0.346) persiste nos próximos meses, pois uma tendência de baixa contínua pode sinalizar perda de poder discriminante no médio prazo — mesmo que cada valor individualmente ainda seja aceitável.",Verde
11,0.0183,0.4074,0.7642,normal,"O modelo apresentou desempenho estável e satisfatório no mês 11. O PSI de 0.018 indica que o perfil da população de solicitantes praticamente não mudou em relação à amostra de desenvolvimento — dentro da faixa de normalidade (abaixo de 0.10). Mais importante, as métricas de discriminação do modelo melhoraram: o KS subiu de 0.346 (mês 10) para 0.407, e o AUC avançou de 0.727 para 0.764, ambos os melhores valores dos últimos quatro meses. Não há sinal de deterioração do modelo; pelo contrário, o poder de separação entre bons e maus pagadores está em trajetória de recuperação após queda observada entre os meses 8 e 10.","A melhora no KS e AUC no mês 11 pode refletir uma composição de safra mais próxima ao perfil original de treinamento do modelo, favorecendo seu poder preditivo. A leve queda contínua no KS entre os meses 8 e 10 (0.382 → 0.369 → 0.346) havia sinalizado possível drift gradual de desempenho, mas o mês 11 reverte essa tendência sem alteração expressiva na distribuição de score (PSI baixo), sugerindo que a variação anterior foi pontual e não estrutural.",,Verde
12,0.0069,0.4035,0.7525,normal,"O modelo de score apresenta desempenho estável e saudável no mês 12. O PSI de 0.007 indica que a distribuição dos scores da carteira atual é praticamente idêntica à da base de desenvolvimento — sem sinais de mudança relevante de perfil da população. O poder discriminante do modelo se mantém em bom nível: o KS de 0.403 e o AUC de 0.752 estão em linha com os meses anteriores e ligeiramente acima da média recente, o que indica que o modelo continua separando bem bons e maus pagadores. Não há ação corretiva necessária neste momento.","As métricas do mês 12 refletem estabilidade consistente com o histórico recente. O PSI permanece muito abaixo do limiar de atenção (0.10) nos quatro meses analisados (máximo histórico de 0.028 no mês 9). O KS e o AUC apresentam leve tendência de alta em relação ao mês 10, recuperando o patamar do mês 11 e sem sinalizar degradação. Não há evidência de drift de população nem de deterioração do poder preditivo do modelo.","Manter o ciclo de monitoramento mensal padrão. Nenhuma intervenção técnica é necessária. Recomenda-se continuar acompanhando a evolução do KS e do AUC nos próximos meses, dado que o histórico ainda é curto (4 meses), para consolidar a linha de base de desempenho do modelo e definir thresholds de alerta mais calibrados à realidade desta carteira.",Verde
13,0.9948,0.4441,0.7686,critico,"No mês 13, o modelo apresenta PSI de 0.995, nível extremamente acima do limiar crítico de 0.25, indicando uma ruptura severa no perfil da população sendo pontuada em relação à população de desenvolvimento. Em contrapartida, as métricas de desempenho discriminante se mantiveram estáveis ou até melhoraram: o KS subiu de 0.403 (mês 12) para 0.444, e o AUC passou de 0.752 para 0.769 — ambos em patamares saudáveis e acima do histórico recente. Isso significa que, embora a composição da carteira tenha mudado drasticamente, o modelo ainda consegue separar bem bons e maus pagadores. A situação exige investigação imediata sobre a origem dessa mudança de população, mas não há evidência de falha na capacidade preditiva do modelo.","A dissociação entre PSI crítico e AUC/KS estáveis aponta fortemente para uma mudança na composição da população originada (e.g., novo canal de aquisição, campanha comercial atípica, alteração em políticas de crédito ou fusão de portfólios), e não para degradação interna do modelo. É improvável que o modelo tenha se tornado inadequado — o mais provável é que ele esteja sendo aplicado a um perfil de clientes substancialmente diferente daquele para o qual foi desenvolvido.",,Vermelho
14,1.0909,0.4518,0.7626,critico,"No mês 14, o modelo apresenta PSI de 1,091 — nível extremamente elevado e muito acima do limiar crítico de 0,25. Esse comportamento não é isolado: o PSI já havia disparado no mês 13 (0,995), sinalizando uma ruptura estrutural na população analisada que persiste e se agrava. Por outro lado, as métricas de desempenho discriminante do modelo (KS = 0,452 e AUC = 0,763) permanecem estáveis e em linha com os meses anteriores, indicando que o modelo ainda consegue separar bons e maus pagadores dentro da população que está recebendo. A combinação de PSI crítico com KS/AUC estáveis sugere que o modelo não está ""quebrado"", mas está sendo aplicado a uma população significativamente diferente daquela usada em seu desenvolvimento. Isso requer atenção imediata de negócio e de modelagem.","A elevação abrupta e sustentada do PSI a partir do mês 13 aponta para uma mudança estrutural no perfil da população entrante. As hipóteses mais prováveis são: (1) alteração relevante na política de originação ou no canal de captação, ampliando ou restringindo o perfil de clientes que chegam ao modelo; (2) mudança no mix de produtos ou segmentos avaliados; (3) evento macroeconômico ou sazonalidade intensa que alterou o comportamento das variáveis de entrada do modelo. O fato de KS e AUC se manterem estáveis reforça que o problema está na distribuição da população, não na lógica interna do modelo.",,Vermelho
15,0.9322,0.4046,0.7617,critico,"O modelo de score apresenta PSI de 0,932 no mês 15, nível extremamente acima do limiar crítico de 0,25 — padrão que persiste desde o mês 13 (PSI de 0,994) e mês 14 (PSI de 1,091). Em contrapartida, as métricas de poder discriminante do modelo seguem estáveis: o KS permanece na faixa de 0,40–0,45 e o AUC em torno de 0,76 ao longo de todo o período analisado. Ou seja, o modelo continua distinguindo bem bons e maus pagadores, mas a população que está sendo avaliada hoje é significativamente diferente da população usada no desenvolvimento do modelo.","A dissociação entre PSI extremamente elevado (acima de 0,90 por três meses consecutivos) e métricas de discriminação estáveis (KS e AUC sem queda relevante) aponta fortemente para uma mudança estrutural no perfil da carteira de entrada — e não para deterioração do modelo em si. Possíveis causas incluem: (1) alteração relevante na política de aquisição ou no canal de originação de clientes; (2) mudança no mix de produtos ou público-alvo atendido; (3) efeito de sazonalidade ou evento macroeconômico que alterou o perfil dos solicitantes de crédito a partir do mês 13. O salto abrupto do PSI entre os meses 12 (0,007) e 13 (0,994) reforça que houve uma ruptura pontual e não uma deriva gradual.",,Vermelho
16,1.0988,0.4273,0.7617,critico,"O modelo apresenta PSI de 1.099 no mês 16, muito acima do limite crítico de 0.25, e esse padrão se repete nos últimos 4 meses (variando entre 0.93 e 1.10). Isso indica que a população sendo pontuada hoje é estruturalmente diferente da população usada no desenvolvimento do modelo. Por outro lado, as métricas de desempenho discriminante (KS = 0.427 e AUC = 0.762) permanecem estáveis e em nível satisfatório, sem queda relevante no período analisado. O modelo ainda distingue bem bons e maus pagadores, mas está operando sobre uma base de clientes com perfil diferente do original — o que compromete a calibração dos scores e pode distorcer decisões baseadas em faixas de corte absolutas.","A divergência persistente e elevada no PSI (acima de 0.90 nos últimos 4 meses), combinada com a estabilidade do KS e da AUC, aponta para uma mudança estrutural no perfil da população entrante — e não para deterioração do poder preditivo do modelo em si. As causas mais prováveis incluem: (1) mudança no mix de canais de originação ou campanhas comerciais que atraíram um perfil distinto de clientes; (2) alterações macroeconômicas ou sazonais que modificaram o comportamento de solicitação de crédito; (3) mudanças em regras de pré-seleção ou política de crédito upstream que filtraram a entrada de determinados perfis. A ausência de degradação no KS/AUC descarta, por ora, falha técnica do modelo.",,Vermelho
17,0.9268,0.3851,0.7511,critico,"O modelo de score apresenta situação de alerta crítico no mês 17. O PSI atingiu 0.927, valor muito acima do limiar crítico de 0.25, e esse padrão se repete há pelo menos 4 meses consecutivos (PSI entre 0.93 e 1.10 desde o mês 14). Isso indica que a população sendo pontuada hoje é sistematicamente diferente da população usada no treinamento do modelo. Adicionalmente, as métricas de discriminação (KS e AUC) mostram queda consistente: o KS recuou de 0.452 no mês 14 para 0.385 no mês 17, e a AUC caiu de 0.763 para 0.751 no mesmo período. Embora o modelo ainda discrimine acima de níveis aceitáveis, a tendência de deterioração combinada com o PSI estruturalmente elevado configura um cenário de risco relevante que requer ação imediata.","A combinação de PSI cronicamente elevado (acima de 0.90 por 4 meses consecutivos) com queda gradual de KS e AUC sugere duas causas sobrepostas: (1) mudança estrutural no perfil da carteira de solicitantes — possivelmente por alteração em canais de originação, campanhas comerciais ou mudanças macroeconômicas — que deslocou a distribuição dos scores para fora da faixa observada no desenvolvimento do modelo; e (2) início de degradação real do poder preditivo, evidenciada pela queda de 6.7 pontos percentuais no KS ao longo dos últimos 4 meses, indicando que as variáveis do modelo estão perdendo relação com o comportamento de inadimplência na população atual.",,Vermelho
18,1.1312,0.415,0.7713,critico,"O modelo apresenta PSI de 1,131 no mês 18, muito acima do limiar crítico de 0,25, e esse comportamento não é novo: os quatro últimos meses registram PSI acima de 0,90, o que indica uma mudança estrutural e persistente no perfil da população avaliada. Apesar disso, as métricas de desempenho discriminante (KS = 0,415 e AUC = 0,771) permanecem estáveis e em linha com o histórico recente, sinalizando que o modelo ainda diferencia bons e maus pagadores com eficácia. O problema, portanto, não é de falha do modelo em si, mas de desalinhamento entre a população para a qual ele foi desenvolvido e a população atual que está sendo avaliada.","A combinação de PSI cronicamente elevado com KS e AUC estáveis aponta para uma mudança de composição da carteira (data drift), e não para deterioração do modelo. As hipóteses mais prováveis são: (1) alteração no perfil socioeconômico dos solicitantes, como entrada de novos segmentos ou mudança no canal de originação; (2) mudanças macroeconômicas que alteraram o comportamento de variáveis de entrada (renda, endividamento, histórico de crédito); (3) ajustes em políticas comerciais ou de crédito que modificaram o público que chega ao modelo. A persistência do fenômeno por pelo menos 4 meses consecutivos descarta uma anomalia pontual.",,Vermelho
19,0.8501,0.4275,0.7677,critico,"O modelo de score apresenta PSI de 0.850 no mês 19, muito acima do limiar crítico de 0.25. Esse padrão é consistente com os últimos 3 meses, onde o PSI oscilou entre 0.93 e 1.13 — sinalizando que a população de clientes que chega ao modelo é estruturalmente diferente da população usada no desenvolvimento. Por outro lado, as métricas de desempenho preditivo (KS e AUC) permaneceram estáveis: o KS de 0.427 está no nível mais alto dos últimos 4 meses, e o AUC de 0.768 está dentro da faixa histórica recente (0.751–0.771). Isso indica que, apesar da forte deriva de população, o modelo ainda consegue separar bons e maus pagadores com eficácia semelhante à observada nos meses anteriores. O risco imediato de decisões erradas por perda de poder discriminante é baixo, mas a situação exige investigação e ação estruturada, pois operar com PSI tão elevado por 4 meses consecutivos não é sustentável.","A deriva de população (PSI crônico e elevado) provavelmente reflete mudanças no perfil dos clientes que chegam ao modelo — por exemplo: alterações em canais de originação, mudanças em campanhas comerciais, sazonalidade de safra ou impactos macroeconômicos que alteraram o comportamento de aplicação de crédito. A estabilidade do KS e do AUC descarta falha interna do modelo como causa imediata, mas não exclui a possibilidade de que o modelo esteja ""funcionando bem por acaso"" em um contexto muito diferente do original, com risco crescente de deterioração futura.",,Vermelho
20,0.8414,0.413,0.7615,critico,"O modelo de score apresenta PSI de 0,841 no mês 20, muito acima do limiar crítico de 0,25. Esse nível de PSI está em linha com o histórico recente (meses 17 a 19 também registraram PSI acima de 0,25), indicando que a instabilidade populacional é um padrão persistente, não um evento isolado. Como ponto positivo relevante, as métricas de discriminação do modelo permanecem saudáveis e estáveis: o KS (0,413) e o AUC (0,761) do mês 20 estão dentro da variação histórica dos últimos três meses (KS entre 0,385 e 0,427; AUC entre 0,751 e 0,771), sem sinais de deterioração do poder preditivo. O modelo continua separando bem bons e maus pagadores, mas está sendo aplicado a uma população com perfil sistematicamente diferente daquela usada em seu desenvolvimento.","A dissociação entre PSI elevado e crônico (acima de 0,84 nos últimos quatro meses) e métricas de discriminação estáveis aponta para uma mudança estrutural no perfil da população entrante em relação à amostra de desenvolvimento do modelo. Possíveis causas incluem: (1) alteração no mix de canais de originação ou campanhas comerciais que atraem um perfil diferente de clientes; (2) mudanças macroeconômicas ou regulatórias que afetaram o comportamento ou composição da base; (3) sazonalidade ou expansão para novos segmentos/regiões não representados na base de desenvolvimento.",,Vermelho
21,0.9093,0.4177,0.7695,critico,"O modelo apresenta PSI de 0.909 no mês 21, muito acima do limite crítico de 0.25, mantendo padrão preocupante observado desde o mês 18 (PSI > 0.84 nos últimos 4 meses). Apesar disso, o poder discriminante do modelo permanece estável: o KS está em 0.418 e o AUC em 0.769, ambos dentro da faixa histórica recente (KS entre 0.413 e 0.427; AUC entre 0.761 e 0.771). O modelo ainda diferencia bons e maus pagadores com eficácia, mas a população que está sendo pontuada mudou significativamente em relação à base de desenvolvimento.","A dissociação entre PSI crítico e KS/AUC estáveis aponta para uma mudança estrutural no perfil da carteira — e não para degradação do modelo em si. Possíveis causas incluem: (1) alteração no perfil socioeconômico dos solicitantes, por exemplo devido a mudanças em canais de aquisição ou campanhas comerciais; (2) sazonalidade ou choque macroeconômico que deslocou a distribuição de variáveis de entrada; (3) mudanças em políticas de crédito que filtraram ou atraíram um perfil diferente de clientes. O fato de o PSI elevado persistir há pelo menos 4 meses consecutivos reforça que se trata de uma mudança permanente, e não pontual.",,Vermelho
22,0.9363,0.4872,0.8042,critico,"O modelo de score apresenta PSI de 0.936 no mês 22, nível extremamente elevado (limiar crítico: 0.25), e que se mantém acima do patamar crítico pelos últimos 4 meses consecutivos (mínimo de 0.841 no período). Apesar disso, as métricas de desempenho discriminante — KS (0.487) e AUC (0.804) — não apenas se mantiveram estáveis, como apresentaram melhora em relação aos meses anteriores (KS médio de ~0.42 e AUC média de ~0.77 nos meses 19–21). Isso indica que o modelo continua separando bem bons e maus pagadores, mas está sendo aplicado sobre uma população com perfil significativamente diferente da base de desenvolvimento. O modelo não falhou, mas opera fora do domínio para o qual foi construído.","A divergência persistente e crescente entre a população atual e a população de desenvolvimento (refletida pelo PSI cronicamente acima de 0.84) sugere uma mudança estrutural no perfil dos clientes que entram no modelo — possivelmente decorrente de alterações na estratégia de originação, mudanças no mix de canais de aquisição, sazonalidade de longo prazo ou transformações macroeconômicas que alteraram o comportamento da carteira. O fato de KS e AUC terem se mantido sólidos descarta deterioração do poder preditivo, apontando exclusivamente para deslocamento populacional (population shift) e não para falha do modelo em si.",,Vermelho
23,0.9191,0.3739,0.7429,critico,"O modelo de score apresenta situação crítica no mês 23. O PSI atingiu 0.919 — mais de três vezes acima do limite crítico de 0.25 —, indicando que o perfil da população atual é drasticamente diferente daquele usado no desenvolvimento do modelo. Mais grave ainda, houve queda simultânea no KS (de 0.487 no mês 22 para 0.374 no mês 23) e no AUC (de 0.804 para 0.743), o que sinaliza perda real de poder discriminante: o modelo está separando mal os bons dos maus pagadores. A combinação de PSI extremamente elevado com deterioração das métricas de desempenho configura o cenário de maior risco possível para um modelo em produção.","A degradação é consistente com uma mudança estrutural na população de clientes que, além de alterar o perfil das variáveis de entrada (refletido no PSI elevado e crescente desde o mês 20), passou a comprometer a capacidade preditiva do modelo. Possíveis causas incluem: (1) mudança no mix de canais de originação ou perfil de campanha, trazendo um segmento de clientes não representado nos dados de treinamento; (2) alteração no comportamento de crédito da carteira por fatores macroeconômicos — como elevação de inadimplência sistêmica — que invalidam os padrões aprendidos pelo modelo; (3) mudanças em variáveis-chave do score (bureau, renda, tempo de relacionamento) cujas distribuições se afastaram significativamente do período de desenvolvimento. O fato de o PSI já estar acima de 0.84 desde o mês 20 indica que o problema não é pontual, mas um processo contínuo de deterioração que atingiu agora o limiar de impacto em desempenho.",,Vermelho
24,0.981,0.3955,0.7632,critico,"O modelo de score apresenta situação crítica no mês 24. O PSI atingiu 0.981, muito acima do limite crítico de 0.25, indicando que o perfil da população que está sendo pontuada hoje é drasticamente diferente da população usada no desenvolvimento do modelo. Esse padrão não é novo: o PSI já vinha em níveis extremamente elevados nos últimos 3 meses (entre 0.91 e 0.94), sinalizando uma deterioração estrutural e persistente na aderência do modelo. Adicionalmente, o KS caiu de 0.487 (mês 22) para 0.395 no mês atual, e o AUC recuou de 0.804 para 0.763 no mesmo período, confirmando que o modelo também perdeu poder de separar bons e maus pagadores. A combinação de PSI crítico com queda nas métricas discriminantes (KS e AUC) representa o cenário de maior gravidade no monitoramento de modelos, exigindo ação imediata.","A elevação persistente do PSI acima de 0.90 por quatro meses consecutivos indica uma mudança estrutural na composição da carteira — possivelmente reflexo de alterações na política de originação, mudança no perfil dos canais de aquisição ou transformações macroeconômicas que modificaram o comportamento dos solicitantes de crédito. A queda simultânea de KS e AUC reforça que essa mudança populacional está degradando a capacidade preditiva do modelo: as variáveis e pesos calibrados no desenvolvimento já não capturam adequadamente o risco atual dos clientes.",,Vermelho
